accuracy,split_method,layer,seed
1.0,spatial,layer1,1
0.9759958220777056,spatial,layer2,1
0.9937797479584792,spatial,layer3,1
0.9995054023022344,spatial,layer4,1
1.0,spatial,layer5,1
1.0,spatial,layer1,2
0.9898220537249204,spatial,layer2,2
0.9877556724021218,spatial,layer3,2
1.0,spatial,layer4,2
0.9971853030196276,spatial,layer5,2
1.0,spatial,layer1,3
0.9931193413055224,spatial,layer2,3
0.991592737450671,spatial,layer3,3
0.999075573350605,spatial,layer4,3
0.9971966531132476,spatial,layer5,3
1.0,spatial,layer1,4
0.9803273835944006,spatial,layer2,4
0.9964955203625988,spatial,layer3,4
0.999988224211022,spatial,layer4,4
0.9992055214635712,spatial,layer5,4
1.0,spatial,layer1,5
0.9969164751555872,spatial,layer2,5
0.9926883066038116,spatial,layer3,5
1.0,spatial,layer4,5
0.998660746435936,spatial,layer5,5
1.0,spatial,layer1,6
0.9832962517778366,spatial,layer2,6
0.997399350913778,spatial,layer3,6
1.0,spatial,layer4,6
0.997832237906799,spatial,layer5,6
1.0,spatial,layer1,7
0.9644367018763004,spatial,layer2,7
0.9971222376794432,spatial,layer3,7
0.9979745213070884,spatial,layer4,7
0.974758449993344,spatial,layer5,7
1.0,spatial,layer1,8
0.9942374719093368,spatial,layer2,8
0.9889323049920398,spatial,layer3,8
0.999935231253864,spatial,layer4,8
0.9960786935272904,spatial,layer5,8
1.0,spatial,layer1,9
0.981693464819146,spatial,layer2,9
0.9515810549630672,spatial,layer3,9
1.0,spatial,layer4,9
0.999659516352432,spatial,layer5,9
1.0,spatial,layer1,10
0.991363826232521,spatial,layer2,10
0.994218890097044,spatial,layer3,10
0.9984926681560272,spatial,layer4,10
0.9995233124917018,spatial,layer5,10
1.0,spatial,layer1,11
0.9565139823746688,spatial,layer2,11
0.9909404264200856,spatial,layer3,11
0.9818529749462714,spatial,layer4,11
0.9994609011462944,spatial,layer5,11
1.0,spatial,layer1,12
0.9938634920892074,spatial,layer2,12
0.9939971826966584,spatial,layer3,12
0.9991109022776132,spatial,layer4,12
0.999551696742708,spatial,layer5,12
1.0,spatial,layer1,13
0.9933750233824588,spatial,layer2,13
0.9954765859419784,spatial,layer3,13
0.9982277035435784,spatial,layer4,13
0.9988877362320554,spatial,layer5,13
1.0,spatial,layer1,14
0.9894480653849994,spatial,layer2,14
0.9969858069421058,spatial,layer3,14
0.9996702682014896,spatial,layer4,14
0.9994155033480876,spatial,layer5,14
1.0,spatial,layer1,15
0.944210296104352,spatial,layer2,15
0.9949692353416733,spatial,layer3,15
1.0,spatial,layer4,15
1.0,spatial,layer5,15
1.0,spatial,layer1,16
0.9936383259396544,spatial,layer2,16
0.9929142900289868,spatial,layer3,16
0.9999823363165332,spatial,layer4,16
0.997940036423286,spatial,layer5,16
1.0,spatial,layer1,17
0.9832085747481818,spatial,layer2,17
0.988433432373596,spatial,layer3,17
0.9998645744398974,spatial,layer4,17
0.9994835895792878,spatial,layer5,17
1.0,spatial,layer1,18
0.9841436148850072,spatial,layer2,18
0.9963974696082796,spatial,layer3,18
0.9888479995289544,spatial,layer4,18
0.9928667685498987,spatial,layer5,18
1.0,spatial,layer1,19
0.9929056269937896,spatial,layer2,19
0.9977020634055728,spatial,layer3,19
0.9979156394153916,spatial,layer4,19
1.0,spatial,layer5,19
1.0,spatial,layer1,20
0.9904288575308712,spatial,layer2,20
0.9952165050111,spatial,layer3,20
0.9999646715930168,spatial,layer4,20
0.9984167134654744,spatial,layer5,20
0.9999886072344062,spatial,layer1,21
0.9890703225112786,spatial,layer2,21
0.9992837592588828,spatial,layer3,21
0.9995701769419852,spatial,layer4,21
0.9996651854416102,spatial,layer5,21
1.0,spatial,layer1,22
0.9244650950794032,spatial,layer2,22
0.9861185512664064,spatial,layer3,22
0.9994465379180404,spatial,layer4,22
1.0,spatial,layer5,22
0.9999886072344062,spatial,layer1,23
0.9894290028974486,spatial,layer2,23
0.9968067317388012,spatial,layer3,23
1.0,spatial,layer4,23
0.9998694813301554,spatial,layer5,23
0.9999658197561808,spatial,layer1,24
0.9936574125302052,spatial,layer2,24
0.9941890409884172,spatial,layer3,24
1.0,spatial,layer4,24
0.9994211780728632,spatial,layer5,24
1.0,spatial,layer1,25
0.9915279530997968,spatial,layer2,25
0.9973780394047094,spatial,layer3,25
1.0,spatial,layer4,25
0.9994268365349146,spatial,layer5,25
1.0,spatial,layer1,26
0.994447370592354,spatial,layer2,26
0.9974078711551346,spatial,layer3,26
0.9998763505755588,spatial,layer4,26
0.9997730045682832,spatial,layer5,26
0.9999430361720308,spatial,layer1,27
0.9944053908120593,spatial,layer2,27
0.9916139797086952,spatial,layer3,27
0.9999293431860334,spatial,layer4,27
1.0,spatial,layer5,27
1.0,spatial,layer1,28
0.9887230067989072,spatial,layer2,28
0.9903733507018588,spatial,layer3,28
1.0,spatial,layer4,28
0.9981046090773832,spatial,layer5,28
1.0,spatial,layer1,29
0.991318071966094,spatial,layer2,29
0.9957366506961036,spatial,layer3,29
1.0,spatial,layer4,29
1.0,spatial,layer5,29
0.9999544289376244,spatial,layer1,30
0.9850595038410672,spatial,layer2,30
0.9962653027177266,spatial,layer3,30
1.0,spatial,layer4,30
0.9999319031416728,spatial,layer5,30
1.0,spatial,layer1,31
0.98911994527282,spatial,layer2,31
0.99046713706411,spatial,layer3,31
0.9999175670503724,spatial,layer4,31
0.9999035269415202,spatial,layer5,31
1.0,spatial,layer1,32
0.9934017344582988,spatial,layer2,32
0.9974974160272378,spatial,layer3,32
0.9999764477286778,spatial,layer4,32
0.997554145477504,spatial,layer5,32
0.9999886065853936,spatial,layer1,33
0.994741228326229,spatial,layer2,33
0.9987593593604422,spatial,layer3,33
1.0,spatial,layer4,33
0.9980648839107304,spatial,layer5,33
1.0,spatial,layer1,34
0.9851281537730748,spatial,layer2,34
0.9929313632287292,spatial,layer3,34
1.0,spatial,layer4,34
0.9999148791283624,spatial,layer5,34
1.0,spatial,layer1,35
0.9929819282083796,spatial,layer2,35
0.9925092833842308,spatial,layer3,35
0.9998704640678028,spatial,layer4,35
0.9996311428895698,spatial,layer5,35
1.0,spatial,layer1,36
0.9677296073712736,spatial,layer2,36
0.997318356637164,spatial,layer3,36
0.998887187941592,spatial,layer4,36
0.9952161244122004,spatial,layer5,36
1.0,spatial,layer1,37
0.9915126947356022,spatial,layer2,37
0.99458130189666,spatial,layer3,37
1.0,spatial,layer4,37
1.0,spatial,layer5,37
0.9999772144688124,spatial,layer1,38
0.9921080026483996,spatial,layer2,38
0.9927309803333432,spatial,layer3,38
1.0,spatial,layer4,38
0.9996595068524248,spatial,layer5,38
1.0,spatial,layer1,39
0.9910700000291566,spatial,layer2,39
0.99787258401464,spatial,layer3,39
1.0,spatial,layer4,39
0.9992793025466816,spatial,layer5,39
1.0,spatial,layer1,40
0.9964814254693132,spatial,layer2,40
0.9923302011831177,spatial,layer3,40
1.0,spatial,layer4,40
0.9959311809543284,spatial,layer5,40
1.0,spatial,layer1,41
0.997450759660591,spatial,layer2,41
0.9960436124937811,spatial,layer3,41
0.9999882238643388,spatial,layer4,41
0.9999035295177936,spatial,layer5,41
1.0,spatial,layer1,42
0.9945312994962572,spatial,layer2,42
0.993003834628448,spatial,layer3,42
1.0,spatial,layer4,42
0.9996197934400184,spatial,layer5,42
0.9999202460977556,spatial,layer1,43
0.9024830966825046,spatial,layer2,43
0.9965722480660092,spatial,layer3,43
1.0,spatial,layer4,43
0.9958971430717832,spatial,layer5,43
1.0,spatial,layer1,44
0.994641989793744,spatial,layer2,44
0.9945471623132224,spatial,layer3,44
0.999994112105511,spatial,layer4,44
0.9960276425805958,spatial,layer5,44
1.0,spatial,layer1,45
0.9910509317161074,spatial,layer2,45
0.9840080543472308,spatial,layer3,45
1.0,spatial,layer4,45
0.9969639565499544,spatial,layer5,45
1.0,spatial,layer1,46
0.9959700646651016,spatial,layer2,46
0.9955746208830674,spatial,layer3,46
1.0,spatial,layer4,46
1.0,spatial,layer5,46
0.9999886065853936,spatial,layer1,47
0.9929551977627568,spatial,layer2,47
0.9955618509723052,spatial,layer3,47
0.999899905793688,spatial,layer4,47
0.9980365127021074,spatial,layer5,47
1.0,spatial,layer1,48
0.9919935199513727,spatial,layer2,48
0.9976849995665356,spatial,layer3,48
0.9995525085782948,spatial,layer4,48
0.9975825194234174,spatial,layer5,48
1.0,spatial,layer1,49
0.9912493690948686,spatial,layer2,49
0.9923344657569472,spatial,layer3,49
1.0,spatial,layer4,49
0.9996027691046734,spatial,layer5,49
1.0,spatial,layer1,50
0.9962791552037968,spatial,layer2,50
0.994308412248988,spatial,layer3,50
1.0,spatial,layer4,50
0.9972250009743948,spatial,layer5,50
1.0,spatial,layer1,51
0.9875514686071588,spatial,layer2,51
0.9930208893794216,spatial,layer3,51
1.0,spatial,layer4,51
0.9994552264215184,spatial,layer5,51
1.0,spatial,layer1,52
0.9927186406518428,spatial,layer2,52
0.997096635695564,spatial,layer3,52
0.9998940147790504,spatial,layer4,52
0.9988707262272304,spatial,layer5,52
1.0,spatial,layer1,53
0.9935085853153448,spatial,layer2,53
0.9132531663613224,spatial,layer3,53
1.0,spatial,layer4,53
1.0,spatial,layer5,53
1.0,spatial,layer1,54
0.9958517447121956,spatial,layer2,54
0.9933108238720774,spatial,layer3,54
0.9995642958078192,spatial,layer4,54
0.9998127287688336,spatial,layer5,54
1.0,spatial,layer1,55
0.9960425567318432,spatial,layer2,55
0.9965125631173286,spatial,layer3,55
0.9999411193216948,spatial,layer4,55
0.9935080143817746,spatial,layer5,55
1.0,spatial,layer1,56
0.9938596637172138,spatial,layer2,56
0.9966191510168032,spatial,layer3,56
1.0,spatial,layer4,56
0.9997673322587634,spatial,layer5,56
1.0,spatial,layer1,57
0.9929857763142496,spatial,layer2,57
0.990398940416852,spatial,layer3,57
1.0,spatial,layer4,57
0.9987458858245376,spatial,layer5,57
1.0,spatial,layer1,58
0.996073102077994,spatial,layer2,58
0.9939886856298636,spatial,layer3,58
1.0,spatial,layer4,58
1.0,spatial,layer5,58
1.0,spatial,layer1,59
0.9716720226008836,spatial,layer2,59
0.9958730857048308,spatial,layer3,59
0.9995407307092178,spatial,layer4,59
0.9992566107323296,spatial,layer5,59
1.0,spatial,layer1,60
0.9978934175207582,spatial,layer2,60
0.9987977260748874,spatial,layer3,60
1.0,spatial,layer4,60
0.9990579839329626,spatial,layer5,60
1.0,spatial,layer1,61
0.9946152897135324,spatial,layer2,61
0.9938565163764144,spatial,layer3,61
1.0,spatial,layer4,61
0.9977527735650076,spatial,layer5,61
1.0,spatial,layer1,62
0.9862538646612086,spatial,layer2,62
0.9962865927789648,spatial,layer3,62
0.9999646726330664,spatial,layer4,62
0.9986607594783192,spatial,layer5,62
1.0,spatial,layer1,63
0.9947145172503892,spatial,layer2,63
0.996866441407015,spatial,layer3,63
1.0,spatial,layer4,63
0.9980932589837634,spatial,layer5,63
1.0,spatial,layer1,64
0.9935085615036195,spatial,layer2,64
0.9923472770183986,spatial,layer3,64
1.0,spatial,layer4,64
0.998087584903056,spatial,layer5,64
1.0,spatial,layer1,65
0.9927720378995166,spatial,layer2,65
0.9931871623184574,spatial,layer3,65
1.0,spatial,layer4,65
0.9999943252752242,spatial,layer5,65
1.0,spatial,layer1,66
0.9943367013394804,spatial,layer2,66
0.9977319005179556,spatial,layer3,66
1.0,spatial,layer4,66
0.9980932628481732,spatial,layer5,66
1.0,spatial,layer1,67
0.9928903651342958,spatial,layer2,67
0.9929952980285766,spatial,layer3,67
1.0,spatial,layer4,67
0.998053537359486,spatial,layer5,67
1.0,spatial,layer1,68
0.9943061852664596,spatial,layer2,68
0.9958261696672256,spatial,layer3,68
0.9999057936881772,spatial,layer4,68
1.0,spatial,layer5,68
1.0,spatial,layer1,69
0.9909440593047169,spatial,layer2,69
0.9971606031215592,spatial,layer3,69
1.0,spatial,layer4,69
0.99810461036552,spatial,layer5,69
1.0,spatial,layer1,70
0.9913562143448724,spatial,layer2,70
0.995796331191633,spatial,layer3,70
1.0,spatial,layer4,70
1.0,spatial,layer5,70
0.9994645095135012,spatial,layer1,71
0.9878872764112864,spatial,layer2,71
0.9945173457398632,spatial,layer3,71
1.0,spatial,layer4,71
0.9981046093994176,spatial,layer5,71
1.0,spatial,layer1,72
0.9940237767489308,spatial,layer2,72
0.9963505691112626,spatial,layer3,72
1.0,spatial,layer4,72
0.999988650228414,spatial,layer5,72
1.0,spatial,layer1,73
0.992901776921814,spatial,layer2,73
0.9978342141193728,spatial,layer3,73
1.0,spatial,layer4,73
1.0,spatial,layer5,73
0.9998974592685428,spatial,layer1,74
0.99018460806761,spatial,layer2,74
0.9938394522647354,spatial,layer3,74
1.0,spatial,layer4,74
0.999988650228414,spatial,layer5,74
0.9998404921955112,spatial,layer1,75
0.9973553535051298,spatial,layer2,75
0.9928716571957412,spatial,layer3,75
0.9999705605275556,spatial,layer4,75
0.998110282997074,spatial,layer5,75
1.0,spatial,layer1,76
0.9266138631246748,spatial,layer2,76
0.9952548640006912,spatial,layer3,76
1.0,spatial,layer4,76
0.999994325114207,spatial,layer5,76
0.9998974592685428,spatial,layer1,77
0.9950007216627572,spatial,layer2,77
0.9966617906660964,spatial,layer3,77
1.0,spatial,layer4,77
1.0,spatial,layer5,77
1.0,spatial,layer1,78
0.990196110514449,spatial,layer2,78
0.995404107544451,spatial,layer3,78
1.0,spatial,layer4,78
0.9999943252752242,spatial,layer5,78
1.0,spatial,layer1,79
0.9936994060004214,spatial,layer2,79
0.994491718582048,spatial,layer3,79
1.0,spatial,layer4,79
1.0,spatial,layer5,79
1.0,spatial,layer1,80
0.995340379902954,spatial,layer2,80
0.9883269662541732,spatial,layer3,80
1.0,spatial,layer4,80
0.99803083749428,spatial,layer5,80
1.0,spatial,layer1,81
0.9918141809597968,spatial,layer2,81
0.9936134866521646,spatial,layer3,81
1.0,spatial,layer4,81
1.0,spatial,layer5,81
1.0,spatial,layer1,82
0.9961646696668393,spatial,layer2,82
0.9956769729269932,spatial,layer3,82
1.0,spatial,layer4,82
1.0,spatial,layer5,82
1.0,spatial,layer1,83
0.9918828411592454,spatial,layer2,83
0.9949990877220029,spatial,layer3,83
1.0,spatial,layer4,83
1.0,spatial,layer5,83
1.0,spatial,layer1,84
0.9862043005187456,spatial,layer2,84
0.9945727430310328,spatial,layer3,84
1.0,spatial,layer4,84
0.9981556832105368,spatial,layer5,84
1.0,spatial,layer1,85
0.9904593905706564,spatial,layer2,85
0.9513423927804072,spatial,layer3,85
1.0,spatial,layer4,85
0.9982578309937924,spatial,layer5,85
1.0,spatial,layer1,86
0.9965005204340182,spatial,layer2,86
0.9965339084339936,spatial,layer3,86
1.0,spatial,layer4,86
1.0,spatial,layer5,86
1.0,spatial,layer1,87
0.9940008755491264,spatial,layer2,87
0.9975997451692434,spatial,layer3,87
0.999664390014131,spatial,layer4,87
0.9980251606762824,spatial,layer5,87
1.0,spatial,layer1,88
0.9916080743122264,spatial,layer2,88
0.9928162257334524,spatial,layer3,88
0.9995054135694392,spatial,layer4,88
0.9938938728021076,spatial,layer5,88
1.0,spatial,layer1,89
0.983136031781147,spatial,layer2,89
0.9860589027608606,spatial,layer3,89
1.0,spatial,layer4,89
0.995834654760214,spatial,layer5,89
1.0,spatial,layer1,90
0.9819032937418182,spatial,layer2,90
0.9961672552351098,spatial,layer3,90
1.0,spatial,layer4,90
0.9976279347724852,spatial,layer5,90
1.0,spatial,layer1,91
0.916504203488951,spatial,layer2,91
0.9951610951784028,spatial,layer3,91
1.0,spatial,layer4,91
0.9991658096613356,spatial,layer5,91
1.0,spatial,layer1,92
0.9960349266395117,spatial,layer2,92
0.9975613572796102,spatial,layer3,92
1.0,spatial,layer4,92
0.9999375778664488,spatial,layer5,92
1.0,spatial,layer1,93
0.9877918813242722,spatial,layer2,93
0.9971904593188756,spatial,layer3,93
1.0,spatial,layer4,93
0.9996822154125524,spatial,layer5,93
0.9999544263415746,spatial,layer1,94
0.9867958590678736,spatial,layer2,94
0.9891795481243212,spatial,layer3,94
0.9999587847385776,spatial,layer4,94
0.9994552175655794,spatial,layer5,94
1.0,spatial,layer1,95
0.9936421026103484,spatial,layer2,95
0.9949735167284204,spatial,layer3,95
1.0,spatial,layer4,95
0.9997276054819396,spatial,layer5,95
1.0,spatial,layer1,96
0.9508811105842238,spatial,layer2,96
0.9931786013625756,spatial,layer3,96
1.0,spatial,layer4,96
0.9990920353409422,spatial,layer5,96
0.9993163951236186,spatial,layer1,97
0.994248900517982,spatial,layer2,97
0.9912217394303569,spatial,layer3,97
1.0,spatial,layer4,97
0.9987969316186855,spatial,layer5,97
1.0,spatial,layer1,98
0.988245987526961,spatial,layer2,98
0.998571778911086,spatial,layer3,98
0.9996113989637304,spatial,layer4,98
0.9974406588718236,spatial,layer5,98
1.0,spatial,layer1,99
0.9952144423097196,spatial,layer2,99
0.9858969201148744,spatial,layer3,99
0.9996113880432091,spatial,layer4,99
0.9986891197377812,spatial,layer5,99
1.0,spatial,layer1,100
0.9880437443500129,spatial,layer2,100
0.9882160381681802,spatial,layer3,100
0.976029675861866,spatial,layer4,100
1.0,spatial,layer5,100
1.0,spatial,layer1,101
0.9667411439176682,spatial,layer2,101
0.9901729410875658,spatial,layer3,101
0.9995230665057262,spatial,layer4,101
0.9995687157644892,spatial,layer5,101
1.0,spatial,layer1,102
0.9887572799543836,spatial,layer2,102
0.9982861214429064,spatial,layer3,102
1.0,spatial,layer4,102
0.9977017065166054,spatial,layer5,102
1.0,spatial,layer1,103
0.974564531460382,spatial,layer2,103
0.9917163068513268,spatial,layer3,103
1.0,spatial,layer4,103
0.9993247040482812,spatial,layer5,103
1.0,spatial,layer1,104
0.9949091271309816,spatial,layer2,104
0.9984609314362168,spatial,layer3,104
1.0,spatial,layer4,104
0.997730080623536,spatial,layer5,104
1.0,spatial,layer1,105
0.9915813385508364,spatial,layer2,105
0.9970284345042744,spatial,layer3,105
0.9999941119321694,spatial,layer4,105
0.9980819087291264,spatial,layer5,105
1.0,spatial,layer1,106
0.9842884631387372,spatial,layer2,106
0.981565184586714,spatial,layer3,106
0.999935231253864,spatial,layer4,106
0.9981670350753444,spatial,layer5,106
1.0,spatial,layer1,107
0.991947750393012,spatial,layer2,107
0.9603554034848668,spatial,layer3,107
0.999994112105511,spatial,layer4,107
0.9984394323306952,spatial,layer5,107
1.0,spatial,layer1,108
0.9896579028274632,spatial,layer2,108
0.99575369445052,spatial,layer3,108
1.0,spatial,layer4,108
0.9996141185542252,spatial,layer5,108
1.0,spatial,layer1,109
0.9601162214044446,spatial,layer2,109
0.996013768747112,spatial,layer3,109
1.0,spatial,layer4,109
0.9980989343526074,spatial,layer5,109
1.0,spatial,layer1,110
0.9921576052391528,spatial,layer2,110
0.9953188220659812,spatial,layer3,110
0.9999764477286778,spatial,layer4,110
0.9994098212165262,spatial,layer5,110
1.0,spatial,layer1,111
0.9912684790602324,spatial,layer2,111
0.9969218733237069,spatial,layer3,111
0.9994641858274208,spatial,layer4,111
0.9992792983602378,spatial,layer5,111
1.0,spatial,layer1,112
0.9931116879111964,spatial,layer2,112
0.991362484089709,spatial,layer3,112
0.9998410268487988,spatial,layer4,112
0.9963113783363372,spatial,layer5,112
1.0,spatial,layer1,113
0.9693709763154252,spatial,layer2,113
0.9815014778063818,spatial,layer3,113
1.0,spatial,layer4,113
0.9954544662341446,spatial,layer5,113
1.0,spatial,layer1,114
0.9898640967846928,spatial,layer2,114
0.9843789776636628,spatial,layer3,114
0.9987929816297691,spatial,layer4,114
1.0,spatial,layer5,114
1.0,spatial,layer1,115
0.9843458459012276,spatial,layer2,115
0.9864425578181876,spatial,layer3,115
0.9999528954573556,spatial,layer4,115
0.998150002367112,spatial,layer5,115
1.0,spatial,layer1,116
0.9949435003393948,spatial,layer2,116
0.9990364802287506,spatial,layer3,116
0.9998940147790504,spatial,layer4,116
0.9995970885832828,spatial,layer5,116
1.0,spatial,layer1,117
0.9869484886584404,spatial,layer2,117
0.997808641944342,spatial,layer3,117
1.0,spatial,layer4,117
0.9966178149233864,spatial,layer5,117
0.9999544289376244,spatial,layer1,118
0.9951953539715191,spatial,layer2,118
0.9918655016830658,spatial,layer3,118
1.0,spatial,layer4,118
0.999858131880604,spatial,layer5,118
1.0,spatial,layer1,119
0.9926957103245458,spatial,layer2,119
0.9855428737868926,spatial,layer3,119
0.9997232689590202,spatial,layer4,119
0.9993700934736,spatial,layer5,119
1.0,spatial,layer1,120
0.992745329954882,spatial,layer2,120
0.9921341275748338,spatial,layer3,120
0.999935231253864,spatial,layer4,120
0.9972817736628512,spatial,layer5,120
1.0,spatial,layer1,121
0.9889062143584167,spatial,layer2,121
0.986429800267192,spatial,layer3,121
0.9999470073895252,spatial,layer4,121
1.0,spatial,layer5,121
1.0,spatial,layer1,122
0.9926765927860342,spatial,layer2,122
0.9960563873120976,spatial,layer3,122
1.0,spatial,layer4,122
0.9993133439716028,spatial,layer5,122
0.9999658197561808,spatial,layer1,123
0.9915203318913506,spatial,layer2,123
0.9948754344385204,spatial,layer3,123
0.9999352331606218,spatial,layer4,123
0.9992906482928408,spatial,layer5,123
1.0,spatial,layer1,124
0.9970729390164648,spatial,layer2,124
0.9708557744887034,spatial,layer3,124
0.9999587835251862,spatial,layer4,124
0.9996538319666316,spatial,layer5,124
1.0,spatial,layer1,125
0.9957906925410028,spatial,layer2,125
0.9933918084244636,spatial,layer3,125
1.0,spatial,layer4,125
0.999994325114207,spatial,layer5,125
0.9999772144688124,spatial,layer1,126
0.9987673469401308,spatial,layer2,126
0.991955045010198,spatial,layer3,126
1.0,spatial,layer4,126
1.0,spatial,layer5,126
0.9999772131707874,spatial,layer1,127
0.9952984051471516,spatial,layer2,127
0.995502154572664,spatial,layer3,127
1.0,spatial,layer4,127
0.998093260593934,spatial,layer5,127
1.0,spatial,layer1,128
0.9913638415244548,spatial,layer2,128
0.9962652870862572,spatial,layer3,128
1.0,spatial,layer4,128
0.9980932599498658,spatial,layer5,128
1.0,spatial,layer1,129
0.9965081527837304,spatial,layer2,129
0.9891838663177256,spatial,layer3,129
1.0,spatial,layer4,129
1.0,spatial,layer5,129
1.0,spatial,layer1,130
0.9875094726611058,spatial,layer2,130
0.9985078389310426,spatial,layer3,130
1.0,spatial,layer4,130
1.0,spatial,layer5,130
1.0,spatial,layer1,131
0.992440017179162,spatial,layer2,131
0.99435102454321,spatial,layer3,131
1.0,spatial,layer4,131
1.0,spatial,layer5,131
1.0,spatial,layer1,132
0.9881964091120268,spatial,layer2,132
0.993485601421001,spatial,layer3,132
1.0,spatial,layer4,132
1.0,spatial,layer5,132
1.0,spatial,layer1,133
0.994577135174026,spatial,layer2,133
0.996414517361444,spatial,layer3,133
1.0,spatial,layer4,133
0.9964418844468496,spatial,layer5,133
1.0,spatial,layer1,134
0.9898907682471428,spatial,layer2,134
0.9963590981680412,spatial,layer3,134
1.0,spatial,layer4,134
0.9974747258984594,spatial,layer5,134
1.0,spatial,layer1,135
0.9909784056430182,spatial,layer2,135
0.9902454486577774,spatial,layer3,135
0.9999882238643388,spatial,layer4,135
0.9958176758316843,spatial,layer5,135
1.0,spatial,layer1,136
0.9525031071971216,spatial,layer2,136
0.9939972060529818,spatial,layer3,136
1.0,spatial,layer4,136
0.9982805339183224,spatial,layer5,136
1.0,spatial,layer1,137
0.98961602630413,spatial,layer2,137
0.9947390269666258,spatial,layer3,137
0.9994759773904852,spatial,layer4,137
0.9955963295230286,spatial,layer5,137
1.0,spatial,layer1,138
0.9943328758802362,spatial,layer2,138
0.9967086902543066,spatial,layer3,138
0.9999882240376806,spatial,layer4,138
0.993734978415162,spatial,layer5,138
1.0,spatial,layer1,139
0.98521209003167,spatial,layer2,139
0.9934003285749397,spatial,layer3,139
0.9997998103739852,spatial,layer4,139
0.9995119628811332,spatial,layer5,139
1.0,spatial,layer1,140
0.994279417100734,spatial,layer2,140
0.994508791418268,spatial,layer3,140
0.9996231688590936,spatial,layer4,140
0.9980535325289738,spatial,layer5,140
0.9999772144688124,spatial,layer1,141
0.9842504062491498,spatial,layer2,141
0.99691760057062,spatial,layer3,141
1.0,spatial,layer4,141
1.0,spatial,layer5,141
1.0,spatial,layer1,142
0.994775529225642,spatial,layer2,142
0.98761919531566,spatial,layer3,142
1.0,spatial,layer4,142
1.0,spatial,layer5,142
0.9999886072344062,spatial,layer1,143
0.9954548399533556,spatial,layer2,143
0.9908891989142424,spatial,layer3,143
1.0,spatial,layer4,143
1.0,spatial,layer5,143
1.0,spatial,layer1,144
0.9949816394413302,spatial,layer2,144
0.9932255168548972,spatial,layer3,144
1.0,spatial,layer4,144
0.9980648861649696,spatial,layer5,144
1.0,spatial,layer1,145
0.9947412192967064,spatial,layer2,145
0.9950545053704348,spatial,layer3,145
1.0,spatial,layer4,145
0.9980478592533516,spatial,layer5,145
1.0,spatial,layer1,146
0.9843190858912,spatial,layer2,146
0.994717689829218,spatial,layer3,146
1.0,spatial,layer4,146
0.9999829753426211,spatial,layer5,146
1.0,spatial,layer1,147
0.9907723137776502,spatial,layer2,147
0.990765553355614,spatial,layer3,147
1.0,spatial,layer4,147
1.0,spatial,layer5,147
1.0,spatial,layer1,148
0.9903105533068112,spatial,layer2,148
0.993720080368,spatial,layer3,148
0.9999234551182028,spatial,layer4,148
0.9980819108223482,spatial,layer5,148
1.0,spatial,layer1,149
0.9929399501757346,spatial,layer2,149
0.9913411011484607,spatial,layer3,149
1.0,spatial,layer4,149
0.999994325114207,spatial,layer5,149
1.0,spatial,layer1,150
0.9908944614471812,spatial,layer2,150
0.9975869511751128,spatial,layer3,150
1.0,spatial,layer4,150
1.0,spatial,layer5,150
1.0,spatial,layer1,151
0.9961265071900908,spatial,layer2,151
0.9957750142297264,spatial,layer3,151
1.0,spatial,layer4,151
0.998121630997472,spatial,layer5,151
1.0,spatial,layer1,152
0.9933177741695222,spatial,layer2,152
0.9945770180561356,spatial,layer3,152
1.0,spatial,layer4,152
1.0,spatial,layer5,152
1.0,spatial,layer1,153
0.9913371203996296,spatial,layer2,153
0.995770754926974,spatial,layer3,153
1.0,spatial,layer4,153
1.0,spatial,layer5,153
1.0,spatial,layer1,154
0.9934093503509775,spatial,layer2,154
0.9918655067723814,spatial,layer3,154
0.999746820536976,spatial,layer4,154
0.9950799590345512,spatial,layer5,154
1.0,spatial,layer1,155
0.9897343259406096,spatial,layer2,155
0.9926585103877148,spatial,layer3,155
0.999552519672158,spatial,layer4,155
0.999994325114207,spatial,layer5,155
1.0,spatial,layer1,156
0.9935619854029494,spatial,layer2,156
0.9866812761650804,spatial,layer3,156
0.9999941119321694,spatial,layer4,156
0.9985529107245046,spatial,layer5,156
1.0,spatial,layer1,157
0.9913829318287608,spatial,layer2,157
0.9928801861616388,spatial,layer3,157
0.9995584072199636,spatial,layer4,157
0.998473469730189,spatial,layer5,157
1.0,spatial,layer1,158
0.9620935622133256,spatial,layer2,158
0.9911834097952108,spatial,layer3,158
1.0,spatial,layer4,158
1.0,spatial,layer5,158
1.0,spatial,layer1,159
0.9944244736888548,spatial,layer2,159
0.9949692321608512,spatial,layer3,159
1.0,spatial,layer4,159
1.0,spatial,layer5,159
1.0,spatial,layer1,160
0.995928046363698,spatial,layer2,160
0.9987977420698794,spatial,layer3,160
1.0,spatial,layer4,160
0.999994325114207,spatial,layer5,160
1.0,spatial,layer1,161
0.9966226091931952,spatial,layer2,161
0.9917333328840195,spatial,layer3,161
1.0,spatial,layer4,161
0.9999943252752242,spatial,layer5,161
1.0,spatial,layer1,162
0.9942527306376252,spatial,layer2,162
0.9944789492165697,spatial,layer3,162
1.0,spatial,layer4,162
1.0,spatial,layer5,162
1.0,spatial,layer1,163
0.9948404484355752,spatial,layer2,163
0.9942146191615698,spatial,layer3,163
1.0,spatial,layer4,163
0.9999886503894312,spatial,layer5,163
1.0,spatial,layer1,164
0.9949282313436656,spatial,layer2,164
0.9967470809612398,spatial,layer3,164
1.0,spatial,layer4,164
0.9981273100697086,spatial,layer5,164
1.0,spatial,layer1,165
0.9970996567188096,spatial,layer2,165
0.9908891741038288,spatial,layer3,165
1.0,spatial,layer4,165
0.9999886505504484,spatial,layer5,165
0.9999658197561808,spatial,layer1,166
0.9880475301958672,spatial,layer2,166
0.9946451987084014,spatial,layer3,166
1.0,spatial,layer4,166
1.0,spatial,layer5,166
1.0,spatial,layer1,167
0.9970805801044248,spatial,layer2,167
0.993681699839698,spatial,layer3,167
1.0,spatial,layer4,167
1.0,spatial,layer5,167
0.9999886072344062,spatial,layer1,168
0.9968057964362784,spatial,layer2,168
0.995118456165274,spatial,layer3,168
1.0,spatial,layer4,168
1.0,spatial,layer5,168
1.0,spatial,layer1,169
0.9964852237671704,spatial,layer2,169
0.9953273589384944,spatial,layer3,169
1.0,spatial,layer4,169
0.9980819111443824,spatial,layer5,169
1.0,spatial,layer1,170
0.9831055718513684,spatial,layer2,170
0.9943425050288984,spatial,layer3,170
0.9995230805463964,spatial,layer4,170
0.998428066940453,spatial,layer5,170
1.0,spatial,layer1,171
0.9948213544903324,spatial,layer2,171
0.990168667607434,spatial,layer3,171
1.0,spatial,layer4,171
0.9994495516967424,spatial,layer5,171
1.0,spatial,layer1,172
0.992981943791588,spatial,layer2,172
0.9936561424782112,spatial,layer3,172
0.9996349505416864,spatial,layer4,172
0.9986607322664336,spatial,layer5,172
1.0,spatial,layer1,173
0.9918446881489325,spatial,layer2,173
0.991503102515858,spatial,layer3,173
1.0,spatial,layer4,173
0.9986947907591645,spatial,layer5,173
1.0,spatial,layer1,174
0.9732748957041336,spatial,layer2,174
0.9884206901814278,spatial,layer3,174
0.9997762570626132,spatial,layer4,174
0.9915388304607836,spatial,layer5,174
1.0,spatial,layer1,175
0.991749327650816,spatial,layer2,175
0.9951525228624416,spatial,layer3,175
0.999994112105511,spatial,layer4,175
0.9976506161207274,spatial,layer5,175
0.9999544289376244,spatial,layer1,176
0.9919897240565334,spatial,layer2,176
0.992547651552766,spatial,layer3,176
0.9995230769062228,spatial,layer4,176
0.97908809689549,spatial,layer5,176
1.0,spatial,layer1,177
0.9917988826909372,spatial,layer2,177
0.99762530243985,spatial,layer3,177
0.999935231253864,spatial,layer4,177
1.0,spatial,layer5,177
1.0,spatial,layer1,178
0.9810218401813684,spatial,layer2,178
0.9961288588935776,spatial,layer3,178
1.0,spatial,layer4,178
0.9742253957206356,spatial,layer5,178
1.0,spatial,layer1,179
0.9743128816478874,spatial,layer2,179
0.998367131987154,spatial,layer3,179
0.9998645784267544,spatial,layer4,179
1.0,spatial,layer5,179
1.0,spatial,layer1,180
0.9955731669696786,spatial,layer2,180
0.9195161459337108,spatial,layer3,180
1.0,spatial,layer4,180
1.0,spatial,layer5,180
1.0,spatial,layer1,181
0.9949282403003694,spatial,layer2,181
0.990612165927509,spatial,layer3,181
0.997585892189478,spatial,layer4,181
0.9976279284928192,spatial,layer5,181
1.0,spatial,layer1,182
0.9950503618279758,spatial,layer2,182
0.993391777343286,spatial,layer3,182
0.9998645744398976,spatial,layer4,182
0.9975654955711238,spatial,layer5,182
1.0,spatial,layer1,183
0.9783541834770528,spatial,layer2,183
0.9963804027701814,spatial,layer3,183
1.0,spatial,layer4,183
0.998144333599968,spatial,layer5,183
1.0,spatial,layer1,184
0.9912570151345024,spatial,layer2,184
0.997198976197649,spatial,layer3,184
0.9605558336032032,spatial,layer4,184
0.9972534010050744,spatial,layer5,184
1.0,spatial,layer1,185
0.9932109110061106,spatial,layer2,185
0.9940057306566092,spatial,layer3,185
1.0,spatial,layer4,185
1.0,spatial,layer5,185
1.0,spatial,layer1,186
0.993493312387404,spatial,layer2,186
0.9901346277200538,spatial,layer3,186
1.0,spatial,layer4,186
0.9956530956097848,spatial,layer5,186
1.0,spatial,layer1,187
0.9951037777900638,spatial,layer2,187
0.9937328671825604,spatial,layer3,187
0.999493641073952,spatial,layer4,187
0.9996027692656906,spatial,layer5,187
1.0,spatial,layer1,188
0.988028513147205,spatial,layer2,188
0.9856368423648184,spatial,layer3,188
0.9995525200188412,spatial,layer4,188
0.962387147439307,spatial,layer5,188
0.9999886072344062,spatial,layer1,189
0.9826819994894708,spatial,layer2,189
0.991417853571404,spatial,layer3,189
0.9999587835251862,spatial,layer4,189
0.9998808307797072,spatial,layer5,189
1.0,spatial,layer1,190
0.994054285394441,spatial,layer2,190
0.9971606230244184,spatial,layer3,190
1.0,spatial,layer4,190
0.9980932589837632,spatial,layer5,190
1.0,spatial,layer1,191
0.990592960804878,spatial,layer2,191
0.9967982110430412,spatial,layer3,191
0.9999234551182028,spatial,layer4,191
0.9980251614813678,spatial,layer5,191
1.0,spatial,layer1,192
0.9900701432839908,spatial,layer2,192
0.993715814430961,spatial,layer3,192
0.9998940147790504,spatial,layer4,192
0.9991260725794192,spatial,layer5,192
1.0,spatial,layer1,193
0.9936879031894886,spatial,layer2,193
0.9873506881140022,spatial,layer3,193
0.9993876561996856,spatial,layer4,193
0.9979003355702116,spatial,layer5,193
1.0,spatial,layer1,194
0.9846778114978022,spatial,layer2,194
0.9914561697562156,spatial,layer3,194
0.9991403502437968,spatial,layer4,194
0.9984678183528892,spatial,layer5,194
1.0,spatial,layer1,195
0.9905815358371692,spatial,layer2,195
0.9933363669653048,spatial,layer3,195
0.9998233595251582,spatial,layer4,195
0.9991431043215492,spatial,layer5,195
0.9999658204051934,spatial,layer1,196
0.9874406992285294,spatial,layer2,196
0.9808831692203543,spatial,layer3,196
1.0,spatial,layer4,196
0.9968788657885096,spatial,layer5,196
1.0,spatial,layer1,197
0.9891848258160068,spatial,layer2,197
0.9943467938678576,spatial,layer3,197
1.0,spatial,layer4,197
0.9478366177322572,spatial,layer5,197
1.0,spatial,layer1,198
0.9911424999603212,spatial,layer2,198
0.996214154914201,spatial,layer3,198
1.0,spatial,layer4,198
1.0,spatial,layer5,198
1.0,spatial,layer1,199
0.9848571314108704,spatial,layer2,199
0.9877684767566448,spatial,layer3,199
0.9990520489872822,spatial,layer4,199
1.0,spatial,layer5,199
1.0,spatial,layer1,200
0.9901274445623204,spatial,layer2,200
0.9907570444743368,spatial,layer3,200
0.9999941119321694,spatial,layer4,200
1.0,spatial,layer5,200
0.9999658217032183,spatial,layer1,201
0.9970843936213972,spatial,layer2,201
0.9933789688082536,spatial,layer3,201
0.9971913916448316,spatial,layer4,201
0.9981159606201572,spatial,layer5,201
0.9999772131707874,spatial,layer1,202
0.9896045135898496,spatial,layer2,202
0.9818721020346416,spatial,layer3,202
1.0,spatial,layer4,202
0.999994325114207,spatial,layer5,202
1.0,spatial,layer1,203
0.9622953234759082,spatial,layer2,203
0.989584561494244,spatial,layer3,203
0.9999352331606218,spatial,layer4,203
0.9973101461596108,spatial,layer5,203
0.9999886065853936,spatial,layer1,204
0.9733702098895372,spatial,layer2,204
0.993566647772219,spatial,layer3,204
0.999658502119642,spatial,layer4,204
0.9996822154125524,spatial,layer5,204
1.0,spatial,layer1,205
0.9967523731923176,spatial,layer2,205
0.9929398774719642,spatial,layer3,205
1.0,spatial,layer4,205
0.9996311428895698,spatial,layer5,205
1.0,spatial,layer1,206
0.9879712329134888,spatial,layer2,206
0.9927650979236669,spatial,layer3,206
1.0,spatial,layer4,206
1.0,spatial,layer5,206
1.0,spatial,layer1,207
0.9878567491969994,spatial,layer2,207
0.9892434864685132,spatial,layer3,207
1.0,spatial,layer4,207
1.0,spatial,layer5,207
0.9999886072344062,spatial,layer1,208
0.9956189472323926,spatial,layer2,208
0.9959114490566924,spatial,layer3,208
1.0,spatial,layer4,208
1.0,spatial,layer5,208
1.0,spatial,layer1,209
0.994191680432538,spatial,layer2,209
0.9960052246950284,spatial,layer3,209
1.0,spatial,layer4,209
0.9966291804746458,spatial,layer5,209
1.0,spatial,layer1,210
0.9899021688205764,spatial,layer2,210
0.9928418247182706,spatial,layer3,210
1.0,spatial,layer4,210
0.999994325114207,spatial,layer5,210
1.0,spatial,layer1,211
0.9942527482597584,spatial,layer2,211
0.9898062708940036,spatial,layer3,211
1.0,spatial,layer4,211
1.0,spatial,layer5,211
1.0,spatial,layer1,212
0.9949511213293852,spatial,layer2,212
0.9937456420917576,spatial,layer3,212
1.0,spatial,layer4,212
0.9999943252752242,spatial,layer5,212
1.0,spatial,layer1,213
0.9869522221476268,spatial,layer2,213
0.9942018548854072,spatial,layer3,213
1.0,spatial,layer4,213
0.9994552109638792,spatial,layer5,213
1.0,spatial,layer1,214
0.985231067831036,spatial,layer2,214
0.9912473327805756,spatial,layer3,214
0.9998645744398976,spatial,layer4,214
0.9999943252752242,spatial,layer5,214
0.9999886072344062,spatial,layer1,215
0.9905510314879642,spatial,layer2,215
0.9881606343336048,spatial,layer3,215
1.0,spatial,layer4,215
0.9981102858953812,spatial,layer5,215
1.0,spatial,layer1,216
0.9950808489191416,spatial,layer2,216
0.9886808061013508,spatial,layer3,216
1.0,spatial,layer4,216
0.9980421842065416,spatial,layer5,216
1.0,spatial,layer1,217
0.9903220225483086,spatial,layer2,217
0.9923856430966792,spatial,layer3,217
1.0,spatial,layer4,217
0.9999943252752242,spatial,layer5,217
1.0,spatial,layer1,218
0.9934055272219326,spatial,layer2,218
0.992057359883944,spatial,layer3,218
1.0,spatial,layer4,218
0.9999886505504484,spatial,layer5,218
1.0,spatial,layer1,219
0.9626424695206348,spatial,layer2,219
0.995834716173086,spatial,layer3,219
1.0,spatial,layer4,219
0.9997049141506388,spatial,layer5,219
0.9999772144688124,spatial,layer1,220
0.9913142234961304,spatial,layer2,220
0.9911279427985936,spatial,layer3,220
1.0,spatial,layer4,220
0.9999716263761208,spatial,layer5,220
1.0,spatial,layer1,221
0.9932185515115208,spatial,layer2,221
0.983616039452869,spatial,layer3,221
1.0,spatial,layer4,221
0.999994325114207,spatial,layer5,221
1.0,spatial,layer1,222
0.97569051651104,spatial,layer2,222
0.986617275476772,spatial,layer3,222
1.0,spatial,layer4,222
0.999994325114207,spatial,layer5,222
1.0,spatial,layer1,223
0.9896045849522066,spatial,layer2,223
0.991831390636148,spatial,layer3,223
1.0,spatial,layer4,223
0.9970661365366252,spatial,layer5,223
1.0,spatial,layer1,224
0.9852120035230169,spatial,layer2,224
0.9969431748359052,spatial,layer3,224
0.9999293431860334,spatial,layer4,224
0.994353537746249,spatial,layer5,224
1.0,spatial,layer1,225
0.982952900098756,spatial,layer2,225
0.9912942639952472,spatial,layer3,225
0.9999528954573556,spatial,layer4,225
0.999546009136566,spatial,layer5,225
0.9999772144688124,spatial,layer1,226
0.9868263862093416,spatial,layer2,226
0.9848012113690776,spatial,layer3,226
1.0,spatial,layer4,226
0.9999886503894312,spatial,layer5,226
0.9999886065853936,spatial,layer1,227
0.9889863943355623,spatial,layer2,227
0.9948711638665688,spatial,layer3,227
1.0,spatial,layer4,227
0.9981216364720524,spatial,layer5,227
1.0,spatial,layer1,228
0.9945504222048988,spatial,layer2,228
0.9884506295345256,spatial,layer3,228
1.0,spatial,layer4,228
0.9999602757994496,spatial,layer5,228
1.0,spatial,layer1,229
0.9810256489651236,spatial,layer2,229
0.9961586992776632,spatial,layer3,229
1.0,spatial,layer4,229
0.995959531552766,spatial,layer5,229
1.0,spatial,layer1,230
0.9932986593981225,spatial,layer2,230
0.997011374936627,spatial,layer3,230
1.0,spatial,layer4,230
1.0,spatial,layer5,230
1.0,spatial,layer1,231
0.994058123669782,spatial,layer2,231
0.9973481931133824,spatial,layer3,231
1.0,spatial,layer4,231
1.0,spatial,layer5,231
1.0,spatial,layer1,232
0.9817162989528982,spatial,layer2,232
0.9900408030061744,spatial,layer3,232
1.0,spatial,layer4,232
0.9997389626603108,spatial,layer5,232
1.0,spatial,layer1,233
0.9947641014908216,spatial,layer2,233
0.993481328395272,spatial,layer3,233
1.0,spatial,layer4,233
1.0,spatial,layer5,233
1.0,spatial,layer1,234
0.9965348441985128,spatial,layer2,234
0.9942785748639632,spatial,layer3,234
1.0,spatial,layer4,234
0.9999943252752242,spatial,layer5,234
1.0,spatial,layer1,235
0.9917073052715633,spatial,layer2,235
0.9940227472377158,spatial,layer3,235
1.0,spatial,layer4,235
0.9980989351576928,spatial,layer5,235
1.0,spatial,layer1,236
0.9951419400483557,spatial,layer2,236
0.9928546102605024,spatial,layer3,236
1.0,spatial,layer4,236
0.9980592091859546,spatial,layer5,236
1.0,spatial,layer1,237
0.9932223474063602,spatial,layer2,237
0.9901602045299968,spatial,layer3,237
1.0,spatial,layer4,237
0.9980705631439843,spatial,layer5,237
1.0,spatial,layer1,238
0.9958822690137332,spatial,layer2,238
0.9934514999165496,spatial,layer3,238
1.0,spatial,layer4,238
0.9981783821096402,spatial,layer5,238
1.0,spatial,layer1,239
0.991241717375374,spatial,layer2,239
0.9917887717985202,spatial,layer3,239
1.0,spatial,layer4,239
0.9977414175137558,spatial,layer5,239
0.9999544263415746,spatial,layer1,240
0.9898793110935548,spatial,layer2,240
0.9936774660744042,spatial,layer3,240
1.0,spatial,layer4,240
0.9991487671310616,spatial,layer5,240
0.9999772138197998,spatial,layer1,241
0.9919515400254406,spatial,layer2,241
0.99406542133077,spatial,layer3,241
1.0,spatial,layer4,241
0.9981329843114332,spatial,layer5,241
1.0,spatial,layer1,242
0.9919324467355664,spatial,layer2,242
0.9928247858714084,spatial,layer3,242
1.0,spatial,layer4,242
0.9980024604890424,spatial,layer5,242
1.0,spatial,layer1,243
0.9679361069487196,spatial,layer2,243
0.9927565658678276,spatial,layer3,243
1.0,spatial,layer4,243
0.9981500091298292,spatial,layer5,243
0.9999886065853936,spatial,layer1,244
0.9859028357760772,spatial,layer2,244
0.9924496070692106,spatial,layer3,244
1.0,spatial,layer4,244
0.997452016050195,spatial,layer5,244
1.0,spatial,layer1,245
0.9924438410363944,spatial,layer2,245
0.9952036944766935,spatial,layer3,245
1.0,spatial,layer4,245
1.0,spatial,layer5,245
0.9999886065853936,spatial,layer1,246
0.9970271559138204,spatial,layer2,246
0.9953188456949464,spatial,layer3,246
1.0,spatial,layer4,246
0.9995403472931564,spatial,layer5,246
1.0,spatial,layer1,247
0.9778392284858886,spatial,layer2,247
0.9946068493521578,spatial,layer3,247
1.0,spatial,layer4,247
0.9999886503894312,spatial,layer5,247
1.0,spatial,layer1,248
0.9923980607736804,spatial,layer2,248
0.9655987386771088,spatial,layer3,248
1.0,spatial,layer4,248
0.999988650228414,spatial,layer5,248
1.0,spatial,layer1,249
0.9950350750644756,spatial,layer2,249
0.9939801515746504,spatial,layer3,249
1.0,spatial,layer4,249
1.0,spatial,layer5,249
1.0,spatial,layer1,250
0.9937413734015316,spatial,layer2,250
0.9952336014762851,spatial,layer3,250
1.0,spatial,layer4,250
0.9980421883929858,spatial,layer5,250
1.0,spatial,layer1,251
0.9921499872347308,spatial,layer2,251
0.9884590487166156,spatial,layer3,251
1.0,spatial,layer4,251
1.0,spatial,layer5,251
1.0,spatial,layer1,252
0.9923293433387086,spatial,layer2,252
0.9924282930154844,spatial,layer3,252
0.9999646726330664,spatial,layer4,252
1.0,spatial,layer5,252
1.0,spatial,layer1,253
0.9942489265142692,spatial,layer2,253
0.9982349767293226,spatial,layer3,253
1.0,spatial,layer4,253
0.999710585172022,spatial,layer5,253
1.0,spatial,layer1,254
0.9878643315202432,spatial,layer2,254
0.99716913390507,spatial,layer3,254
1.0,spatial,layer4,254
0.9974066174469026,spatial,layer5,254
1.0,spatial,layer1,255
0.992398044025372,spatial,layer2,255
0.9938266654501748,spatial,layer3,255
1.0,spatial,layer4,255
0.999994325114207,spatial,layer5,255
1.0,spatial,layer1,256
0.9963631313670568,spatial,layer2,256
0.991929456931056,spatial,layer3,256
1.0,spatial,layer4,256
0.999704914311656,spatial,layer5,256
1.0,spatial,layer1,257
0.9887954559025972,spatial,layer2,257
0.989431130170792,spatial,layer3,257
0.9995171926519076,spatial,layer4,257
0.9981897330083456,spatial,layer5,257
1.0,spatial,layer1,258
0.9947068659678068,spatial,layer2,258
0.9966703172690976,spatial,layer3,258
0.9998527983042363,spatial,layer4,258
1.0,spatial,layer5,258
0.9999886072344062,spatial,layer1,259
0.993997053876456,spatial,layer2,259
0.9647720782362746,spatial,layer3,259
0.9996113875231842,spatial,layer4,259
0.998070560567711,spatial,layer5,259
1.0,spatial,layer1,260
0.9908944824917948,spatial,layer2,260
0.9925859813696732,spatial,layer3,260
1.0,spatial,layer4,260
1.0,spatial,layer5,260
1.0,spatial,layer1,261
0.9960043815846356,spatial,layer2,261
0.99097449984242,spatial,layer3,261
0.9998763512689252,spatial,layer4,261
0.9996708659630008,spatial,layer5,261
1.0,spatial,layer1,262
0.9811668015954071,spatial,layer2,262
0.9944150175975446,spatial,layer3,262
1.0,spatial,layer4,262
1.0,spatial,layer5,262
1.0,spatial,layer1,263
0.9955807936395296,spatial,layer2,263
0.9992027460790968,spatial,layer3,263
1.0,spatial,layer4,263
1.0,spatial,layer5,263
0.9999886065853936,spatial,layer1,264
0.9900854028132852,spatial,layer2,264
0.995186671988346,spatial,layer3,264
1.0,spatial,layer4,264
1.0,spatial,layer5,264
1.0,spatial,layer1,265
0.9884978389745231,spatial,layer2,265
0.9868306180416878,spatial,layer3,265
0.9999470073895252,spatial,layer4,265
0.9981386580701068,spatial,layer5,265
1.0,spatial,layer1,266
0.9903143803680676,spatial,layer2,266
0.9987849518927352,spatial,layer3,266
1.0,spatial,layer4,266
1.0,spatial,layer5,266
1.0,spatial,layer1,267
0.992504904712947,spatial,layer2,267
0.9958901220979156,spatial,layer3,267
1.0,spatial,layer4,267
1.0,spatial,layer5,267
0.9999886065853936,spatial,layer1,268
0.9948060978737872,spatial,layer2,268
0.969329310251164,spatial,layer3,268
1.0,spatial,layer4,268
0.9981216319635742,spatial,layer5,268
1.0,spatial,layer1,269
0.9961455942175542,spatial,layer2,269
0.9980857405468944,spatial,layer3,269
1.0,spatial,layer4,269
1.0,spatial,layer5,269
1.0,spatial,layer1,270
0.98655534360353,spatial,layer2,270
0.9890985710241472,spatial,layer3,270
1.0,spatial,layer4,270
0.999988650228414,spatial,layer5,270
1.0,spatial,layer1,271
0.9941306166103482,spatial,layer2,271
0.9904117117817046,spatial,layer3,271
1.0,spatial,layer4,271
1.0,spatial,layer5,271
1.0,spatial,layer1,272
0.9712371251057588,spatial,layer2,272
0.9855302710965,spatial,layer3,272
1.0,spatial,layer4,272
1.0,spatial,layer5,272
1.0,spatial,layer1,273
0.9572354978925576,spatial,layer2,273
0.9875979066176314,spatial,layer3,273
1.0,spatial,layer4,273
1.0,spatial,layer5,273
0.9999772131707874,spatial,layer1,274
0.9948404431198076,spatial,layer2,274
0.979156315634904,spatial,layer3,274
0.9972326164400428,spatial,layer4,274
0.994126597704406,spatial,layer5,274
1.0,spatial,layer1,275
0.9807204468738752,spatial,layer2,275
0.9870350520322904,spatial,layer3,275
0.9997762534224396,spatial,layer4,275
0.9950061600785453,spatial,layer5,275
1.0,spatial,layer1,276
0.9737405050818488,spatial,layer2,276
0.995625824305542,spatial,layer3,276
1.0,spatial,layer4,276
0.9999943252752242,spatial,layer5,276
1.0,spatial,layer1,277
0.99425655951935,spatial,layer2,277
0.9957835306540966,spatial,layer3,277
1.0,spatial,layer4,277
0.999994325114207,spatial,layer5,277
1.0,spatial,layer1,278
0.9967294853183412,spatial,layer2,278
0.9977191146122016,spatial,layer3,278
0.9996820536975978,spatial,layer4,278
1.0,spatial,layer5,278
1.0,spatial,layer1,279
0.9947984838015764,spatial,layer2,279
0.937413856153926,spatial,layer3,279
1.0,spatial,layer4,279
0.9980535370374518,spatial,layer5,279
1.0,spatial,layer1,280
0.9572614970196588,spatial,layer2,280
0.9964955082754744,spatial,layer3,280
1.0,spatial,layer4,280
1.0,spatial,layer5,280
1.0,spatial,layer1,281
0.9929971743390272,spatial,layer2,281
0.9936774665288072,spatial,layer3,281
1.0,spatial,layer4,281
0.9981273089425892,spatial,layer5,281
1.0,spatial,layer1,282
0.9725876961591357,spatial,layer2,282
0.9949734872830944,spatial,layer3,282
1.0,spatial,layer4,282
1.0,spatial,layer5,282
1.0,spatial,layer1,283
0.9880703893064446,spatial,layer2,283
0.9951610810010236,spatial,layer3,283
1.0,spatial,layer4,283
0.9980762327162138,spatial,layer5,283
1.0,spatial,layer1,284
0.98800548626227,spatial,layer2,284
0.994487483544425,spatial,layer3,284
0.9999175670503724,spatial,layer4,284
0.9987912836227444,spatial,layer5,284
1.0,spatial,layer1,285
0.9865859184412672,spatial,layer2,285
0.99501187835355,spatial,layer3,285
1.0,spatial,layer4,285
0.9996311425675356,spatial,layer5,285
1.0,spatial,layer1,286
0.9976529970120408,spatial,layer2,286
0.9890389169748828,spatial,layer3,286
1.0,spatial,layer4,286
1.0,spatial,layer5,286
1.0,spatial,layer1,287
0.9255181092801598,spatial,layer2,287
0.9909531072678248,spatial,layer3,287
0.9998822386433892,spatial,layer4,287
0.9981556840156222,spatial,layer5,287
1.0,spatial,layer1,288
0.9934856876836584,spatial,layer2,288
0.9599241971342908,spatial,layer3,288
0.998922483587011,spatial,layer4,288
0.9980308382993656,spatial,layer5,288
1.0,spatial,layer1,289
0.993611617922201,spatial,layer2,289
0.9959029054590122,spatial,layer3,289
1.0,spatial,layer4,289
0.998013812192833,spatial,layer5,289
1.0,spatial,layer1,290
0.9926613557577276,spatial,layer2,290
0.993630519773547,spatial,layer3,290
1.0,spatial,layer4,290
1.0,spatial,layer5,290
1.0,spatial,layer1,291
0.9923828026279418,spatial,layer2,291
0.9939246897582292,spatial,layer3,291
1.0,spatial,layer4,291
0.9981500081637268,spatial,layer5,291
1.0,spatial,layer1,292
0.9722560443384752,spatial,layer2,292
0.9973268705168764,spatial,layer3,292
1.0,spatial,layer4,292
0.9980819088901434,spatial,layer5,292
1.0,spatial,layer1,293
0.983658868598998,spatial,layer2,293
0.994751816598486,spatial,layer3,293
1.0,spatial,layer4,293
0.999364420197978,spatial,layer5,293
1.0,spatial,layer1,294
0.9910814244143152,spatial,layer2,294
0.9949095521197246,spatial,layer3,294
0.9996172868582196,spatial,layer4,294
0.9962716232205082,spatial,layer5,294
0.9999886065853936,spatial,layer1,295
0.9911883017773796,spatial,layer2,295
0.995212236983806,spatial,layer3,295
0.9994641858274208,spatial,layer4,295
0.9953863743673466,spatial,layer5,295
1.0,spatial,layer1,296
0.9966951329360848,spatial,layer2,296
0.9872269142319162,spatial,layer3,296
1.0,spatial,layer4,296
0.9996197878044206,spatial,layer5,296
1.0,spatial,layer1,297
0.9900129013529272,spatial,layer2,297
0.992377162388399,spatial,layer3,297
0.999805693761592,spatial,layer4,297
0.9996424923391216,spatial,layer5,297
1.0,spatial,layer1,298
0.9930162899114334,spatial,layer2,298
0.9926456784054783,spatial,layer3,298
1.0,spatial,layer4,298
0.9976846776727828,spatial,layer5,298
1.0,spatial,layer1,299
0.9738549266111416,spatial,layer2,299
0.9909958028995896,spatial,layer3,299
1.0,spatial,layer4,299
0.9981159598150716,spatial,layer5,299
0.9999886065853936,spatial,layer1,300
0.9929819262422738,spatial,layer2,300
0.9950715565770636,spatial,layer3,300
1.0,spatial,layer4,300
1.0,spatial,layer5,300
1.0,spatial,layer1,301
0.9854218822537014,spatial,layer2,301
0.9952506076969996,spatial,layer3,301
1.0,spatial,layer4,301
0.999994325114207,spatial,layer5,301
1.0,spatial,layer1,302
0.9939856104127898,spatial,layer2,302
0.9958602711716764,spatial,layer3,302
1.0,spatial,layer4,302
1.0,spatial,layer5,302
1.0,spatial,layer1,303
0.9910776465785216,spatial,layer2,303
0.9866514439602518,spatial,layer3,303
1.0,spatial,layer4,303
0.9980535357493154,spatial,layer5,303
1.0,spatial,layer1,304
0.99408101547597,spatial,layer2,304
0.9960350617165308,spatial,layer3,304
1.0,spatial,layer4,304
1.0,spatial,layer5,304
1.0,spatial,layer1,305
0.9868072557819144,spatial,layer2,305
0.9987977334362188,spatial,layer3,305
1.0,spatial,layer4,305
0.998910428690476,spatial,layer5,305
1.0,spatial,layer1,306
0.9935428882536824,spatial,layer2,306
0.9974633081611424,spatial,layer3,306
1.0,spatial,layer4,306
0.9996481670638976,spatial,layer5,306
1.0,spatial,layer1,307
0.9848801028079318,spatial,layer2,307
0.9938564920204038,spatial,layer3,307
0.9978331943318514,spatial,layer4,307
0.9955452697203948,spatial,layer5,307
1.0,spatial,layer1,308
0.9814378602213396,spatial,layer2,308
0.937098582322428,spatial,layer3,308
0.9987281879224412,spatial,layer4,308
0.999568709323806,spatial,layer5,308
1.0,spatial,layer1,309
0.9930468097710284,spatial,layer2,309
0.9958560181396876,spatial,layer3,309
1.0,spatial,layer4,309
0.9974066153536808,spatial,layer5,309
1.0,spatial,layer1,310
0.9350050957965804,spatial,layer2,310
0.9784489220327902,spatial,layer3,310
0.9998351373942354,spatial,layer4,310
0.9993190212726516,spatial,layer5,310
1.0,spatial,layer1,311
0.9681230144279802,spatial,layer2,311
0.9980559024348246,spatial,layer3,311
0.9974916831041896,spatial,layer4,311
0.9980762328772308,spatial,layer5,311
1.0,spatial,layer1,312
0.9621237925456436,spatial,layer2,312
0.97592082632062,spatial,layer3,312
0.999340541429886,spatial,layer4,312
0.9995743900062136,spatial,layer5,312
0.999418951431376,spatial,layer1,313
0.9546516365425914,spatial,layer2,313
0.9976721883959648,spatial,layer3,313
0.9998881280979524,spatial,layer4,313
0.9978492208607552,spatial,layer5,313
1.0,spatial,layer1,314
0.9938558743760604,spatial,layer2,314
0.9878239453891136,spatial,layer3,314
0.99941119581707,spatial,layer4,314
0.9938541758134428,spatial,layer5,314
1.0,spatial,layer1,315
0.9754654199761944,spatial,layer2,315
0.9968834861611184,spatial,layer3,315
0.9996113880432091,spatial,layer4,315
0.9993530683331702,spatial,layer5,315
1.0,spatial,layer1,316
0.9905051825571864,spatial,layer2,316
0.9939375094715798,spatial,layer3,316
0.9991933584550164,spatial,layer4,316
0.9987061448782112,spatial,layer5,316
1.0,spatial,layer1,317
0.97106914285074,spatial,layer2,317
0.993268173044466,spatial,layer3,317
0.999640827862337,spatial,layer4,317
0.9993247075906572,spatial,layer5,317
1.0,spatial,layer1,318
0.9673063178373296,spatial,layer2,318
0.9831511432871216,spatial,layer3,318
0.9992110011641484,spatial,layer4,318
0.9990069154354068,spatial,layer5,318
1.0,spatial,layer1,319
0.9747021444449426,spatial,layer2,319
0.9949990720905336,spatial,layer3,319
0.9996408384361752,spatial,layer4,319
0.999245261604812,spatial,layer5,319
0.9999886065853936,spatial,layer1,320
0.9613720077374154,spatial,layer2,320
0.9607050692753276,spatial,layer3,320
0.9816527932939704,spatial,layer4,320
0.9969866889406096,spatial,layer5,320
1.0,spatial,layer1,321
0.9582123421708972,spatial,layer2,321
0.9832022627358888,spatial,layer3,321
0.9999234551182028,spatial,layer4,321
0.9965724068200869,spatial,layer5,321
1.0,spatial,layer1,322
0.9750532902769572,spatial,layer2,322
0.9930123355122292,spatial,layer3,322
1.0,spatial,layer4,322
0.9979854376028512,spatial,layer5,322
1.0,spatial,layer1,323
0.990329611133963,spatial,layer2,323
0.9900664634263024,spatial,layer3,323
0.9999057909147112,spatial,layer4,323
0.9937350078812864,spatial,layer5,323
1.0,spatial,layer1,324
0.985368572242868,spatial,layer2,324
0.9972245718198836,spatial,layer3,324
1.0,spatial,layer4,324
0.9984507746954956,spatial,layer5,324
0.9999772131707874,spatial,layer1,325
0.983093993818686,spatial,layer2,325
0.9967001619245732,spatial,layer3,325
1.0,spatial,layer4,325
0.9981216340567964,spatial,layer5,325
0.9999886065853936,spatial,layer1,326
0.977091053666278,spatial,layer2,326
0.988292773778206,spatial,layer3,326
0.9996526091982464,spatial,layer4,326
0.9931731906454117,spatial,layer5,326
1.0,spatial,layer1,327
0.9915050604197844,spatial,layer2,327
0.9969858073965088,spatial,layer3,327
0.9993346590823288,spatial,layer4,327
0.9970264038021696,spatial,layer5,327
1.0,spatial,layer1,328
0.9743052436183142,spatial,layer2,328
0.9903307035094728,spatial,layer3,328
0.9998174698972532,spatial,layer4,328
0.9977187229621134,spatial,layer5,328
0.9999772144688124,spatial,layer1,329
0.9885931993270024,spatial,layer2,329
0.9927991861595452,spatial,layer3,329
0.9998115818294224,spatial,layer4,329
0.9956757851698976,spatial,layer5,329
1.0,spatial,layer1,330
0.952602274585706,spatial,layer2,330
0.9960094859971552,spatial,layer3,330
0.9645891706409622,spatial,layer4,330
0.9982691778670708,spatial,layer5,330
1.0,spatial,layer1,331
0.992756793370881,spatial,layer2,331
0.9866471372178072,spatial,layer3,331
0.9985750997189218,spatial,layer4,331
0.9956190400153612,spatial,layer5,331
1.0,spatial,layer1,332
0.985292164421655,spatial,layer2,332
0.9954765716737184,spatial,layer3,332
1.0,spatial,layer4,332
0.999659516513449,spatial,layer5,332
1.0,spatial,layer1,333
0.9728054900674856,spatial,layer2,333
0.9849588517382908,spatial,layer3,333
0.997998092992671,spatial,layer4,333
0.9999375780274656,spatial,layer5,333
0.9999544263415744,spatial,layer1,334
0.990066375497182,spatial,layer2,334
0.9916907576690968,spatial,layer3,334
0.9994524096917596,spatial,layer4,334
0.9987742501094264,spatial,layer5,334
1.0,spatial,layer1,335
0.9015416866543162,spatial,layer2,335
0.985483173115862,spatial,layer3,335
0.999935231253864,spatial,layer4,335
0.9971172124409662,spatial,layer5,335
1.0,spatial,layer1,336
0.9653485331541808,spatial,layer2,336
0.9934301682319802,spatial,layer3,336
0.999852800731019,spatial,layer4,336
0.9981159588489692,spatial,layer5,336
1.0,spatial,layer1,337
0.9652531152749037,spatial,layer2,337
0.9944064738181032,spatial,layer3,337
1.0,spatial,layer4,337
0.9852169353908004,spatial,layer5,337
1.0,spatial,layer1,338
0.9659018232753056,spatial,layer2,338
0.9879986191523508,spatial,layer3,338
0.9995348426413871,spatial,layer4,338
0.996878831974924,spatial,layer5,338
1.0,spatial,layer1,339
0.9814226350624866,spatial,layer2,339
0.9926329273978884,spatial,layer3,339
0.9999057909147112,spatial,layer4,339
0.9946940389446782,spatial,layer5,339
1.0,spatial,layer1,340
0.9939398317520878,spatial,layer2,340
0.9861271406679272,spatial,layer3,340
0.9998233579650838,spatial,layer4,340
0.9982521393622236,spatial,layer5,340
1.0,spatial,layer1,341
0.9853914264745904,spatial,layer2,341
0.9929185656902538,spatial,layer3,341
1.0,spatial,layer4,341
0.9985018568795028,spatial,layer5,341
1.0,spatial,layer1,342
0.9971721675727836,spatial,layer2,342
0.99506735861874,spatial,layer3,342
0.9988930612753858,spatial,layer4,342
0.9966348400638164,spatial,layer5,342
1.0,spatial,layer1,343
0.9797434339473534,spatial,layer2,343
0.9972032328648632,spatial,layer3,343
0.9992463290511068,spatial,layer4,343
0.9959992525329748,spatial,layer5,343
1.0,spatial,layer1,344
0.9731033062276092,spatial,layer2,344
0.983914364954618,spatial,layer3,344
0.9994759624831066,spatial,layer4,344
0.9923276543995712,spatial,layer5,344
1.0,spatial,layer1,345
0.989860267902968,spatial,layer2,345
0.992777904004922,spatial,layer3,345
0.9999411193216948,spatial,layer4,345
0.9978038406134097,spatial,layer5,345
1.0,spatial,layer1,346
0.980338769239994,spatial,layer2,346
0.9950672691921943,spatial,layer3,346
0.999705596608473,spatial,layer4,346
0.9980081329595792,spatial,layer5,346
1.0,spatial,layer1,347
0.9707446579224596,spatial,layer2,347
0.9865575832576404,spatial,layer3,347
0.9973091672154546,spatial,layer4,347
0.9926908155309716,spatial,layer5,347
1.0,spatial,layer1,348
0.9975766821075291,spatial,layer2,348
0.9928162410013992,spatial,layer3,348
0.999935231253864,spatial,layer4,348
0.9983315921107854,spatial,layer5,348
1.0,spatial,layer1,349
0.9960998103139036,spatial,layer2,349
0.9876065030169608,spatial,layer3,349
1.0,spatial,layer4,349
0.998513190549381,spatial,layer5,349
1.0,spatial,layer1,350
0.9940314209680962,spatial,layer2,350
0.9875978865330108,spatial,layer3,350
1.0,spatial,layer4,350
0.9986664142369778,spatial,layer5,350
1.0,spatial,layer1,351
0.9908868224709646,spatial,layer2,351
0.9940227702305168,spatial,layer3,351
1.0,spatial,layer4,351
0.999994325114207,spatial,layer5,351
1.0,spatial,layer1,352
0.9789572127240528,spatial,layer2,352
0.9806783745245088,spatial,layer3,352
0.9996820460705668,spatial,layer4,352
0.9997446373850868,spatial,layer5,352
1.0,spatial,layer1,353
0.9815331529252171,spatial,layer2,353
0.9938095781639336,spatial,layer3,353
1.0,spatial,layer4,353
1.0,spatial,layer5,353
1.0,spatial,layer1,354
0.993684122877858,spatial,layer2,354
0.9970284763093666,spatial,layer3,354
1.0,spatial,layer4,354
0.9981556841766392,spatial,layer5,354
0.9999772131707874,spatial,layer1,355
0.9972446882572866,spatial,layer2,355
0.988399440562072,spatial,layer3,355
0.9996231636588456,spatial,layer4,355
1.0,spatial,layer5,355
1.0,spatial,layer1,356
0.989677056702522,spatial,layer2,356
0.98674529566568,spatial,layer3,356
0.9999293431860334,spatial,layer4,356
0.998825298962899,spatial,layer5,356
1.0,spatial,layer1,357
0.98816203437442,spatial,layer2,357
0.991200394295453,spatial,layer3,357
0.999935231253864,spatial,layer4,357
0.999994325114207,spatial,layer5,357
1.0,spatial,layer1,358
0.987433157319682,spatial,layer2,358
0.9964955224528534,spatial,layer3,358
0.9999646715930168,spatial,layer4,358
1.0,spatial,layer5,358
0.9999772138197998,spatial,layer1,359
0.9927072056351492,spatial,layer2,359
0.9965509391924792,spatial,layer3,359
1.0,spatial,layer4,359
0.9976903519145074,spatial,layer5,359
1.0,spatial,layer1,360
0.9861852242684548,spatial,layer2,360
0.9923004736727814,spatial,layer3,360
0.999658502119642,spatial,layer4,360
0.9995403395643366,spatial,layer5,360
1.0,spatial,layer1,361
0.993153644098222,spatial,layer2,361
0.9944363265619552,spatial,layer3,361
0.9998822386433892,spatial,layer4,361
0.99910337673964,spatial,layer5,361
1.0,spatial,layer1,362
0.9953174907182404,spatial,layer2,362
0.9957409071815564,spatial,layer3,362
0.9991462301645716,spatial,layer4,362
0.9977413954544164,spatial,layer5,362
1.0,spatial,layer1,363
0.9981872890173736,spatial,layer2,363
0.9916224822283282,spatial,layer3,363
0.9999646715930168,spatial,layer4,363
0.998121633412728,spatial,layer5,363
1.0,spatial,layer1,364
0.9851167167174568,spatial,layer2,364
0.995983919456724,spatial,layer3,364
0.999540732442634,spatial,layer4,364
0.9978265395125132,spatial,layer5,364
1.0,spatial,layer1,365
0.9985536333565856,spatial,layer2,365
0.982827172178788,spatial,layer3,365
0.9996879379519128,spatial,layer4,365
0.9989501535350946,spatial,layer5,365
1.0,spatial,layer1,366
0.9960959991271304,spatial,layer2,366
0.9741851846685792,spatial,layer3,366
0.999434745488268,spatial,layer4,366
0.9969412652186538,spatial,layer5,366
1.0,spatial,layer1,367
0.9966607907484512,spatial,layer2,367
0.9977404110350844,spatial,layer3,367
1.0,spatial,layer4,367
0.999994325114207,spatial,layer5,367
1.0,spatial,layer1,368
0.9976492010443826,spatial,layer2,368
0.994163470176596,spatial,layer3,368
0.9996231747527085,spatial,layer4,368
0.9999886503894312,spatial,layer5,368
1.0,spatial,layer1,369
0.9967599928715704,spatial,layer2,369
0.97785171602125,spatial,layer3,369
1.0,spatial,layer4,369
1.0,spatial,layer5,369
1.0,spatial,layer1,370
0.9906616646227469,spatial,layer2,370
0.9946196576145482,spatial,layer3,370
1.0,spatial,layer4,370
0.999994325114207,spatial,layer5,370
1.0,spatial,layer1,371
0.9916653361228034,spatial,layer2,371
0.9933875419421404,spatial,layer3,371
1.0,spatial,layer4,371
1.0,spatial,layer5,371
1.0,spatial,layer1,372
0.9843037863116032,spatial,layer2,372
0.9976423599172424,spatial,layer3,372
1.0,spatial,layer4,372
0.9999943252752242,spatial,layer5,372
1.0,spatial,layer1,373
0.991241738492806,spatial,layer2,373
0.9853298298557458,spatial,layer3,373
1.0,spatial,layer4,373
1.0,spatial,layer5,373
1.0,spatial,layer1,374
0.9899823378749124,spatial,layer2,374
0.9721387697758808,spatial,layer3,374
1.0,spatial,layer4,374
1.0,spatial,layer5,374
1.0,spatial,layer1,375
0.9900549152123884,spatial,layer2,375
0.99192954899314,spatial,layer3,375
0.9999057936881772,spatial,layer4,375
0.9993133388190564,spatial,layer5,375
0.9999658197561808,spatial,layer1,376
0.9751905583191868,spatial,layer2,376
0.9991899596280588,spatial,layer3,376
1.0,spatial,layer4,376
0.9998808307797072,spatial,layer5,376
1.0,spatial,layer1,377
0.9841702915175872,spatial,layer2,377
0.9961373983107484,spatial,layer3,377
1.0,spatial,layer4,377
0.9998865055044832,spatial,layer5,377
0.9999544263415746,spatial,layer1,378
0.9858759993063811,spatial,layer2,378
0.990109038368583,spatial,layer3,378
0.999835134100745,spatial,layer4,378
0.996056005577348,spatial,layer5,378
0.9999886065853936,spatial,layer1,379
0.9909517006111328,spatial,layer2,379
0.9963377678466812,spatial,layer3,379
0.999870462507728,spatial,layer4,379
1.0,spatial,layer5,379
1.0,spatial,layer1,380
0.9909173460443148,spatial,layer2,380
0.9958176530610938,spatial,layer3,380
0.9997056052755536,spatial,layer4,380
1.0,spatial,layer5,380
1.0,spatial,layer1,381
0.9432827664915008,spatial,layer2,381
0.9913625076277934,spatial,layer3,381
1.0,spatial,layer4,381
0.9996708659630008,spatial,layer5,381
1.0,spatial,layer1,382
0.9919324630469624,spatial,layer2,382
0.9959711433660786,spatial,layer3,382
1.0,spatial,layer4,382
0.9999432527522416,spatial,layer5,382
1.0,spatial,layer1,383
0.9891008222000848,spatial,layer2,383
0.9899895914044426,spatial,layer3,383
1.0,spatial,layer4,383
0.9996197934400184,spatial,layer5,383
1.0,spatial,layer1,384
0.992088932878976,spatial,layer2,384
0.9955916940828098,spatial,layer3,384
1.0,spatial,layer4,384
0.9980478611855568,spatial,layer5,384
1.0,spatial,layer1,385
0.988757296338598,spatial,layer2,385
0.9972544064784896,spatial,layer3,385
0.9999528954573556,spatial,layer4,385
1.0,spatial,layer5,385
1.0,spatial,layer1,386
0.993657413112755,spatial,layer2,386
0.9932766791993244,spatial,layer3,386
1.0,spatial,layer4,386
1.0,spatial,layer5,386
1.0,spatial,layer1,387
0.992482007445354,spatial,layer2,387
0.9933960595479588,spatial,layer3,387
0.999994112105511,spatial,layer4,387
1.0,spatial,layer5,387
1.0,spatial,layer1,388
0.9961684901744098,spatial,layer2,388
0.9886423784968796,spatial,layer3,388
1.0,spatial,layer4,388
1.0,spatial,layer5,388
1.0,spatial,layer1,389
0.9739924903702398,spatial,layer2,389
0.9955319997734235,spatial,layer3,389
0.9995937233196928,spatial,layer4,389
0.9432920247891714,spatial,layer5,389
1.0,spatial,layer1,390
0.9896083857259008,spatial,layer2,390
0.9929228222665876,spatial,layer3,390
0.999570183702308,spatial,layer4,390
0.9980535354272811,spatial,layer5,390
1.0,spatial,layer1,391
0.9907379639440498,spatial,layer2,391
0.9966660596021965,spatial,layer3,391
1.0,spatial,layer4,391
1.0,spatial,layer5,391
0.9999772131707874,spatial,layer1,392
0.9938405878310164,spatial,layer2,392
0.9772804441623124,spatial,layer3,392
0.999911678982542,spatial,layer4,392
0.9980024629042984,spatial,layer5,392
1.0,spatial,layer1,393
0.9932529113212875,spatial,layer2,393
